From (yyyy-mm-dd),To (yyyy-mm-dd),Number of Days,Amount Due,Due Date,
2020-01-10,2020-02-10,31,115.31,2020-03-16,
2020-02-10,2020-03-11,30,112.9,2020-04-17,
2020-03-11,2020-04-11,31,100.22,2020-05-20,
2020-04-11,2020-05-11,30,87.85,2020-06-18,
2020-05-11,2020-06-11,31,100.52,2020-07-20,
2020-06-11,2020-07-11,30,151.18,2020-08-17,
2020-07-11,2020-08-11,31,147.44,2020-09-17,
2020-08-11,2020-09-10,30,115.09,2020-10-19,
2020-09-10,2020-10-11,31,91.22,2020-11-18,
2020-10-11,2020-11-10,30,108.6,2020-12-18,
2020-11-10,2020-12-10,30,107.67,2021-01-18,
2020-12-10,2021-01-10,31,114.6,2021-02-16,
2021-01-10,2021-02-09,30,103.61,2021-03-19,
2021-02-09,2021-03-11,30,112.7,2021-04-19,
2021-03-11,2021-04-11,31,104.04,2021-05-17,
2021-04-11,2021-05-11,30,95.85,2021-06-18,
2021-05-11,2021-06-10,30,132.76,2021-07-19,
2021-06-10,2021-07-10,30,130.22,2021-08-18,
2021-07-10,2021-08-09,30,134.26,2021-09-15,
2021-08-09,2021-09-09,31,147.74,2021-10-18,
2021-09-09,2021-10-09,30,100.62,2021-11-17,
2021-10-09,2021-11-09,31,99.61,2021-12-17,
2021-11-09,2021-12-09,30,111.61,2022-01-17,
2021-12-09,2022-01-10,31,109.14,2022-02-17,